url,normalized_url,path,query,type,source_page,anchor_text,status_code,final_url,is_parameter_url,suspected_duplicate_group,content_type,error
https://biocom.kr/,https://biocom.kr/,/,,home,seed | https://biocom.kr/ | https://biocom.kr/service,홈페이지,200,https://biocom.kr/,false,https://biocom.kr/,text/html; charset=utf-8,
https://biocom.kr/service,https://biocom.kr/service,/service,,category,seed | sitemap | https://biocom.kr/ | https://biocom.kr/service,서비스,200,https://biocom.kr/service,false,https://biocom.kr/service,text/html; charset=utf-8,
https://biocom.kr/organicacid_store/?idx=259,https://biocom.kr/organicacid_store?idx=259,/organicacid_store/,idx=259,lab/test service,seed | https://biocom.kr/ | https://biocom.kr/service,종합 대사기능 분석 상품,200,https://biocom.kr/organicacid_store/?idx=259,true,/organicacid_store:idx:259,text/html; charset=utf-8,
https://biocom.kr/HealthFood/?idx=97,https://biocom.kr/HealthFood?idx=97,/HealthFood/,idx=97,product,seed | https://biocom.kr/,바이오밸런스 상품,200,https://biocom.kr/HealthFood/?idx=97,true,/HealthFood:idx:97,text/html; charset=utf-8,
https://biocom.kr/healthinfo,https://biocom.kr/healthinfo,/healthinfo,,category,seed | sitemap | https://biocom.kr/ | https://biocom.kr/service,건강정보 목록,200,https://biocom.kr/healthinfo,false,https://biocom.kr/healthinfo,text/html; charset=utf-8,
https://biocom.kr/healthinfo/?bmode=view&idx=5764202,https://biocom.kr/healthinfo?bmode=view&idx=5764202,/healthinfo/,bmode=view&idx=5764202,article/column,seed,건강정보 글,200,https://biocom.kr/healthinfo/?bmode=view&idx=5764202,true,view_idx:5764202,text/html; charset=utf-8,
https://biocom.kr/mineraltest_info1,https://biocom.kr/mineraltest_info1,/mineraltest_info1,,category,sitemap,,200,https://biocom.kr/mineraltest_info1,false,https://biocom.kr/mineraltest_info1,text/html; charset=utf-8,
https://biocom.kr/index,https://biocom.kr/index,/index,,home,sitemap | https://biocom.kr/ | https://biocom.kr/service,,200,https://biocom.kr/index,false,https://biocom.kr/index,text/html; charset=utf-8,
https://biocom.kr/mineraltest_info2,https://biocom.kr/mineraltest_info2,/mineraltest_info2,,category,sitemap,,200,https://biocom.kr/mineraltest_info2,false,https://biocom.kr/mineraltest_info2,text/html; charset=utf-8,
https://biocom.kr/gma,https://biocom.kr/gma,/gma,,category,sitemap,,200,https://biocom.kr/microbiome/?idx=12,false,https://biocom.kr/gma,text/html; charset=utf-8,
https://biocom.kr/privacy,https://biocom.kr/privacy,/privacy,,category,sitemap,,200,https://biocom.kr/?mode=privacy,false,https://biocom.kr/privacy,text/html; charset=utf-8,
https://biocom.kr/story,https://biocom.kr/story,/story,,category,sitemap | https://biocom.kr/ | https://biocom.kr/service,,200,https://biocom.kr/story,false,https://biocom.kr/story,text/html; charset=utf-8,
https://biocom.kr/qna,https://biocom.kr/qna,/qna,,category,sitemap | https://biocom.kr/ | https://biocom.kr/service,,200,https://biocom.kr/qna,false,https://biocom.kr/qna,text/html; charset=utf-8,
https://biocom.kr/news,https://biocom.kr/news,/news,,category,sitemap,,200,https://biocom.kr/news,false,https://biocom.kr/news,text/html; charset=utf-8,
https://biocom.kr/biohacking,https://biocom.kr/biohacking,/biohacking,,category,sitemap,,200,https://biocom.kr/what_biohacking,false,https://biocom.kr/biohacking,text/html; charset=utf-8,
https://biocom.kr/video,https://biocom.kr/video,/video,,category,sitemap,,200,https://biocom.kr/video,false,https://biocom.kr/video,text/html; charset=utf-8,
https://biocom.kr/bio_davinci,https://biocom.kr/bio_davinci,/bio_davinci,,category,sitemap,,200,https://biocom.kr/bio_davinci,false,https://biocom.kr/bio_davinci,text/html; charset=utf-8,
https://biocom.kr/recruit,https://biocom.kr/recruit,/recruit,,category,sitemap,,500,https://allosta.career.greetinghr.com/ko/home,false,https://biocom.kr/recruit,text/html; charset=utf-8,
https://biocom.kr/cs,https://biocom.kr/cs,/cs,,category,sitemap,,200,https://biocom.kr/qna,false,https://biocom.kr/cs,text/html; charset=utf-8,
https://biocom.kr/about_biocom,https://biocom.kr/about_biocom,/about_biocom,,category,sitemap,,200,https://biocom.kr/story,false,https://biocom.kr/about_biocom,text/html; charset=utf-8,
https://biocom.kr/company,https://biocom.kr/company,/company,,category,sitemap | https://biocom.kr/ | https://biocom.kr/service,,200,https://biocom.kr/company,false,https://biocom.kr/company,text/html; charset=utf-8,
https://biocom.kr/subscription,https://biocom.kr/subscription,/subscription,,category,sitemap | https://biocom.kr/ | https://biocom.kr/service,,200,https://biocom.kr/subscription,false,https://biocom.kr/subscription,text/html; charset=utf-8,
https://biocom.kr/668,https://biocom.kr/668,/668,,category,sitemap,,200,https://biocom.kr/shop_view/?idx=189,false,https://biocom.kr/668,text/html; charset=utf-8,
https://biocom.kr/669,https://biocom.kr/669,/669,,category,sitemap,,200,https://biocom.kr/shop_view/?idx=190,false,https://biocom.kr/669,text/html; charset=utf-8,
https://biocom.kr/670,https://biocom.kr/670,/670,,category,sitemap,,200,https://biocom.kr/shop_view/?idx=191,false,https://biocom.kr/670,text/html; charset=utf-8,
https://biocom.kr/671,https://biocom.kr/671,/671,,category,sitemap,,200,https://biocom.kr/shop_view/?idx=202,false,https://biocom.kr/671,text/html; charset=utf-8,
https://biocom.kr/subsunfiber,https://biocom.kr/subsunfiber,/subsunfiber,,category,sitemap,,200,https://biocom.kr/shop_view/?idx=208,false,https://biocom.kr/subsunfiber,text/html; charset=utf-8,
https://biocom.kr/hormon,https://biocom.kr/hormon,/hormon,,category,sitemap | https://biocom.kr/,,200,https://biocom.kr/hormon_store/?idx=219,false,https://biocom.kr/hormon,text/html; charset=utf-8,
https://biocom.kr/supplements,https://biocom.kr/supplements,/supplements,,category,sitemap | https://biocom.kr/ | https://biocom.kr/service,,200,https://biocom.kr/supplements,false,https://biocom.kr/supplements,text/html; charset=utf-8,
https://biocom.kr/supplementsmall,https://biocom.kr/supplementsmall,/supplementsmall,,category,sitemap | https://biocom.kr/,,200,https://biocom.kr/supplements,false,https://biocom.kr/supplementsmall,text/html; charset=utf-8,
https://biocom.kr/DaraeSub,https://biocom.kr/DaraeSub,/DaraeSub,,category,sitemap,,200,https://biocom.kr/supplements/?idx=226,false,https://biocom.kr/DaraeSub,text/html; charset=utf-8,
https://biocom.kr/843,https://biocom.kr/843,/843,,category,sitemap,,200,https://biocom.kr/shop_view/?idx=229,false,https://biocom.kr/843,text/html; charset=utf-8,
https://biocom.kr/what_biohacking,https://biocom.kr/what_biohacking,/what_biohacking,,category,sitemap | https://biocom.kr/ | https://biocom.kr/service,,200,https://biocom.kr/what_biohacking,false,https://biocom.kr/what_biohacking,text/html; charset=utf-8,
https://biocom.kr/challenge,https://biocom.kr/challenge,/challenge,,category,sitemap | https://biocom.kr/ | https://biocom.kr/service,,200,https://biocom.kr/challenge,false,https://biocom.kr/challenge,text/html; charset=utf-8,
https://biocom.kr/886,https://biocom.kr/886,/886,,category,sitemap,,200,https://biocom.kr/886,false,https://biocom.kr/886,text/html; charset=utf-8,
https://biocom.kr/920,https://biocom.kr/920,/920,,category,sitemap,,200,https://biocom.kr/920,false,https://biocom.kr/920,text/html; charset=utf-8,
https://biocom.kr/organicacid,https://biocom.kr/organicacid,/organicacid,,category,sitemap | https://biocom.kr/,,200,https://biocom.kr/organicacid_store/?idx=259,false,https://biocom.kr/organicacid,text/html; charset=utf-8,
https://biocom.kr/organicacid_store,https://biocom.kr/organicacid_store,/organicacid_store,,lab/test service,sitemap | https://biocom.kr/,,200,https://biocom.kr/organicacid_store/?idx=259,false,https://biocom.kr/organicacid_store,text/html; charset=utf-8,
https://biocom.kr/lab,https://biocom.kr/lab,/lab,,category,sitemap | https://biocom.kr/ | https://biocom.kr/service,,200,https://biocom.kr/lab,false,https://biocom.kr/lab,text/html; charset=utf-8,
https://biocom.kr/all_supplements,https://biocom.kr/all_supplements,/all_supplements,,category,sitemap,,200,https://biocom.kr/all_supplements,false,https://biocom.kr/all_supplements,text/html; charset=utf-8,
https://biocom.kr/HealthFood,https://biocom.kr/HealthFood,/HealthFood,,category,sitemap,,200,https://biocom.kr/HealthFood,false,https://biocom.kr/HealthFood,text/html; charset=utf-8,
https://biocom.kr/DavinciLab,https://biocom.kr/DavinciLab,/DavinciLab,,category,sitemap,,200,https://biocom.kr/DavinciLab,false,https://biocom.kr/DavinciLab,text/html; charset=utf-8,
https://biocom.kr/DietMealBox,https://biocom.kr/DietMealBox,/DietMealBox,,category,sitemap,,200,https://biocom.kr/DietMealBox,false,https://biocom.kr/DietMealBox,text/html; charset=utf-8,
https://biocom.kr/1020,https://biocom.kr/1020,/1020,,category,sitemap,,200,https://biocom.kr/1020,false,https://biocom.kr/1020,text/html; charset=utf-8,
https://biocom.kr/1021,https://biocom.kr/1021,/1021,,category,sitemap,,200,https://biocom.kr/1021,false,https://biocom.kr/1021,text/html; charset=utf-8,
https://biocom.kr/1022,https://biocom.kr/1022,/1022,,category,sitemap,,200,https://biocom.kr/1022,false,https://biocom.kr/1022,text/html; charset=utf-8,
https://biocom.kr/1023,https://biocom.kr/1023,/1023,,category,sitemap,,200,https://biocom.kr/1023,false,https://biocom.kr/1023,text/html; charset=utf-8,
https://biocom.kr/1024,https://biocom.kr/1024,/1024,,category,sitemap,,200,https://biocom.kr/1024,false,https://biocom.kr/1024,text/html; charset=utf-8,
https://biocom.kr/1025,https://biocom.kr/1025,/1025,,category,sitemap,,200,https://biocom.kr/1025,false,https://biocom.kr/1025,text/html; charset=utf-8,
https://biocom.kr/biocomset,https://biocom.kr/biocomset,/biocomset,,category,sitemap,,200,https://biocom.kr/biocomset_store/?idx=328,false,https://biocom.kr/biocomset,text/html; charset=utf-8,
https://biocom.kr/biocomset_store,https://biocom.kr/biocomset_store,/biocomset_store,,category,sitemap,,200,https://biocom.kr/biocomset_store/?idx=328,false,https://biocom.kr/biocomset_store,text/html; charset=utf-8,
https://biocom.kr/petmineraltest,https://biocom.kr/petmineraltest,/petmineraltest,,category,sitemap,,200,https://biocom.kr/shop_view/?idx=369,false,https://biocom.kr/petmineraltest,text/html; charset=utf-8,
https://biocom.kr/1300,https://biocom.kr/1300,/1300,,category,sitemap,,200,https://biocom.kr/1300,false,https://biocom.kr/1300,text/html; charset=utf-8,
https://biocom.kr/1304,https://biocom.kr/1304,/1304,,category,sitemap,,200,https://biocom.kr/1304,false,https://biocom.kr/1304,text/html; charset=utf-8,
https://biocom.kr/jhg,https://biocom.kr/jhg,/jhg,,category,sitemap,,200,https://biocom.kr/shop_view?idx=251,false,https://biocom.kr/jhg,text/html; charset=utf-8,
https://biocom.kr/all,https://biocom.kr/all,/all,,category,sitemap,,200,https://biocom.kr/all,false,https://biocom.kr/all,text/html; charset=utf-8,
https://biocom.kr/davinci_store3,https://biocom.kr/davinci_store3,/davinci_store3,,category,sitemap,,200,https://biocom.kr/davinci_store3,false,https://biocom.kr/davinci_store3,text/html; charset=utf-8,
https://biocom.kr/davinci_store9,https://biocom.kr/davinci_store9,/davinci_store9,,category,sitemap,,200,https://biocom.kr/davinci_store9,false,https://biocom.kr/davinci_store9,text/html; charset=utf-8,
https://biocom.kr/davinci_store7,https://biocom.kr/davinci_store7,/davinci_store7,,category,sitemap,,200,https://biocom.kr/davinci_store7,false,https://biocom.kr/davinci_store7,text/html; charset=utf-8,
https://biocom.kr/davinci_store5,https://biocom.kr/davinci_store5,/davinci_store5,,category,sitemap,,200,https://biocom.kr/davinci_store5,false,https://biocom.kr/davinci_store5,text/html; charset=utf-8,
https://biocom.kr/davinci_store11,https://biocom.kr/davinci_store11,/davinci_store11,,category,sitemap,,200,https://biocom.kr/davinci_store11,false,https://biocom.kr/davinci_store11,text/html; charset=utf-8,
https://biocom.kr/davinci_store4,https://biocom.kr/davinci_store4,/davinci_store4,,category,sitemap,,200,https://biocom.kr/davinci_store4,false,https://biocom.kr/davinci_store4,text/html; charset=utf-8,
https://biocom.kr/davinci_store6,https://biocom.kr/davinci_store6,/davinci_store6,,category,sitemap,,200,https://biocom.kr/davinci_store6,false,https://biocom.kr/davinci_store6,text/html; charset=utf-8,
https://biocom.kr/davinci_store1,https://biocom.kr/davinci_store1,/davinci_store1,,category,sitemap,,200,https://biocom.kr/davinci_store1,false,https://biocom.kr/davinci_store1,text/html; charset=utf-8,
https://biocom.kr/davinci_store10,https://biocom.kr/davinci_store10,/davinci_store10,,category,sitemap,,200,https://biocom.kr/davinci_store10,false,https://biocom.kr/davinci_store10,text/html; charset=utf-8,
https://biocom.kr/shop_view/504,https://biocom.kr/shop_view/504,/shop_view/504,,category,sitemap,,200,https://biocom.kr/shop_view/504,false,https://biocom.kr/shop_view/504,text/html; charset=utf-8,
https://biocom.kr/shop_view/266,https://biocom.kr/shop_view/266,/shop_view/266,,category,sitemap,,200,https://biocom.kr/shop_view/266,false,https://biocom.kr/shop_view/266,text/html; charset=utf-8,
https://biocom.kr/shop_view/503,https://biocom.kr/shop_view/503,/shop_view/503,,category,sitemap,,200,https://biocom.kr/shop_view/503,false,https://biocom.kr/shop_view/503,text/html; charset=utf-8,
https://biocom.kr/shop_view/502,https://biocom.kr/shop_view/502,/shop_view/502,,category,sitemap,,200,https://biocom.kr/shop_view/502,false,https://biocom.kr/shop_view/502,text/html; charset=utf-8,
https://biocom.kr/shop_view/501,https://biocom.kr/shop_view/501,/shop_view/501,,category,sitemap,,200,https://biocom.kr/shop_view/501,false,https://biocom.kr/shop_view/501,text/html; charset=utf-8,
https://biocom.kr/shop_view/424,https://biocom.kr/shop_view/424,/shop_view/424,,category,sitemap,,200,https://biocom.kr/shop_view/424,false,https://biocom.kr/shop_view/424,text/html; charset=utf-8,
https://biocom.kr/shop_view/500,https://biocom.kr/shop_view/500,/shop_view/500,,category,sitemap,,200,https://biocom.kr/shop_view/500,false,https://biocom.kr/shop_view/500,text/html; charset=utf-8,
https://biocom.kr/shop_view/251,https://biocom.kr/shop_view/251,/shop_view/251,,category,sitemap,,200,https://biocom.kr/shop_view/251,false,https://biocom.kr/shop_view/251,text/html; charset=utf-8,
https://biocom.kr/shop_view/300,https://biocom.kr/shop_view/300,/shop_view/300,,category,sitemap,,200,https://biocom.kr/shop_view/300,false,https://biocom.kr/shop_view/300,text/html; charset=utf-8,
https://biocom.kr/shop_view/171,https://biocom.kr/shop_view/171,/shop_view/171,,category,sitemap,,200,https://biocom.kr/shop_view/171,false,https://biocom.kr/shop_view/171,text/html; charset=utf-8,
https://biocom.kr/shop_view/328,https://biocom.kr/shop_view/328,/shop_view/328,,category,sitemap,,200,https://biocom.kr/shop_view/328,false,https://biocom.kr/shop_view/328,text/html; charset=utf-8,
https://biocom.kr/shop_view/97,https://biocom.kr/shop_view/97,/shop_view/97,,category,sitemap,,200,https://biocom.kr/shop_view/97,false,https://biocom.kr/shop_view/97,text/html; charset=utf-8,
https://biocom.kr/shop_view/499,https://biocom.kr/shop_view/499,/shop_view/499,,category,sitemap,,200,https://biocom.kr/shop_view/499,false,https://biocom.kr/shop_view/499,text/html; charset=utf-8,
https://biocom.kr/shop_view/498,https://biocom.kr/shop_view/498,/shop_view/498,,category,sitemap,,200,https://biocom.kr/shop_view/498,false,https://biocom.kr/shop_view/498,text/html; charset=utf-8,
https://biocom.kr/shop_view/497,https://biocom.kr/shop_view/497,/shop_view/497,,category,sitemap,,200,https://biocom.kr/shop_view/497,false,https://biocom.kr/shop_view/497,text/html; charset=utf-8,
https://biocom.kr/shop_view/259,https://biocom.kr/shop_view/259,/shop_view/259,,category,sitemap,,200,https://biocom.kr/shop_view/259,false,https://biocom.kr/shop_view/259,text/html; charset=utf-8,
https://biocom.kr/shop_view/496,https://biocom.kr/shop_view/496,/shop_view/496,,category,sitemap,,200,https://biocom.kr/shop_view/496,false,https://biocom.kr/shop_view/496,text/html; charset=utf-8,
https://biocom.kr/shop_view/282,https://biocom.kr/shop_view/282,/shop_view/282,,category,sitemap,,200,https://biocom.kr/shop_view/282,false,https://biocom.kr/shop_view/282,text/html; charset=utf-8,
https://biocom.kr/shop_view/409,https://biocom.kr/shop_view/409,/shop_view/409,,category,sitemap,,200,https://biocom.kr/shop_view/409,false,https://biocom.kr/shop_view/409,text/html; charset=utf-8,
https://biocom.kr/shop_view/495,https://biocom.kr/shop_view/495,/shop_view/495,,category,sitemap,,200,https://biocom.kr/shop_view/495,false,https://biocom.kr/shop_view/495,text/html; charset=utf-8,
https://biocom.kr/shop_view/494,https://biocom.kr/shop_view/494,/shop_view/494,,category,sitemap,,200,https://biocom.kr/shop_view/494,false,https://biocom.kr/shop_view/494,text/html; charset=utf-8,
https://biocom.kr/shop_view/493,https://biocom.kr/shop_view/493,/shop_view/493,,category,sitemap,,200,https://biocom.kr/shop_view/493,false,https://biocom.kr/shop_view/493,text/html; charset=utf-8,
https://biocom.kr/shop_view/127,https://biocom.kr/shop_view/127,/shop_view/127,,category,sitemap,,200,https://biocom.kr/shop_view/127,false,https://biocom.kr/shop_view/127,text/html; charset=utf-8,
https://biocom.kr/shop_view/234,https://biocom.kr/shop_view/234,/shop_view/234,,category,sitemap,,200,https://biocom.kr/shop_view/234,false,https://biocom.kr/shop_view/234,text/html; charset=utf-8,
https://biocom.kr/shop_view/488,https://biocom.kr/shop_view/488,/shop_view/488,,category,sitemap,,200,https://biocom.kr/shop_view/488,false,https://biocom.kr/shop_view/488,text/html; charset=utf-8,
https://biocom.kr/shop_view/483,https://biocom.kr/shop_view/483,/shop_view/483,,category,sitemap,,200,https://biocom.kr/shop_view/483,false,https://biocom.kr/shop_view/483,text/html; charset=utf-8,
https://biocom.kr/shop_view/482,https://biocom.kr/shop_view/482,/shop_view/482,,category,sitemap,,200,https://biocom.kr/shop_view/482,false,https://biocom.kr/shop_view/482,text/html; charset=utf-8,
https://biocom.kr/shop_view/481,https://biocom.kr/shop_view/481,/shop_view/481,,category,sitemap,,200,https://biocom.kr/shop_view/481,false,https://biocom.kr/shop_view/481,text/html; charset=utf-8,
https://biocom.kr/shop_view/480,https://biocom.kr/shop_view/480,/shop_view/480,,category,sitemap,,200,https://biocom.kr/shop_view/480,false,https://biocom.kr/shop_view/480,text/html; charset=utf-8,
https://biocom.kr/shop_view/492,https://biocom.kr/shop_view/492,/shop_view/492,,category,sitemap,,200,https://biocom.kr/shop_view/492,false,https://biocom.kr/shop_view/492,text/html; charset=utf-8,
https://biocom.kr/shop_view/487,https://biocom.kr/shop_view/487,/shop_view/487,,category,sitemap,,200,https://biocom.kr/shop_view/487,false,https://biocom.kr/shop_view/487,text/html; charset=utf-8,
https://biocom.kr/shop_view/476,https://biocom.kr/shop_view/476,/shop_view/476,,category,sitemap,,200,https://biocom.kr/shop_view/476,false,https://biocom.kr/shop_view/476,text/html; charset=utf-8,
https://biocom.kr/shop_view/472,https://biocom.kr/shop_view/472,/shop_view/472,,category,sitemap,,200,https://biocom.kr/shop_view/472,false,https://biocom.kr/shop_view/472,text/html; charset=utf-8,
https://biocom.kr/shop_view/478,https://biocom.kr/shop_view/478,/shop_view/478,,category,sitemap,,200,https://biocom.kr/shop_view/478,false,https://biocom.kr/shop_view/478,text/html; charset=utf-8,
https://biocom.kr/shop_view/479,https://biocom.kr/shop_view/479,/shop_view/479,,category,sitemap,,200,https://biocom.kr/shop_view/479,false,https://biocom.kr/shop_view/479,text/html; charset=utf-8,
https://biocom.kr/shop_view/486,https://biocom.kr/shop_view/486,/shop_view/486,,category,sitemap,,200,https://biocom.kr/shop_view/486,false,https://biocom.kr/shop_view/486,text/html; charset=utf-8,
https://biocom.kr/shop_view/485,https://biocom.kr/shop_view/485,/shop_view/485,,category,sitemap,,200,https://biocom.kr/shop_view/485,false,https://biocom.kr/shop_view/485,text/html; charset=utf-8,
https://biocom.kr/shop_view/85,https://biocom.kr/shop_view/85,/shop_view/85,,category,sitemap,,200,https://biocom.kr/shop_view/85,false,https://biocom.kr/shop_view/85,text/html; charset=utf-8,
https://biocom.kr/shop_view/443,https://biocom.kr/shop_view/443,/shop_view/443,,category,sitemap,,200,https://biocom.kr/shop_view/443,false,https://biocom.kr/shop_view/443,text/html; charset=utf-8,
https://biocom.kr/shop_view/12,https://biocom.kr/shop_view/12,/shop_view/12,,category,sitemap,,200,https://biocom.kr/shop_view/12,false,https://biocom.kr/shop_view/12,text/html; charset=utf-8,
https://biocom.kr/shop_view/369,https://biocom.kr/shop_view/369,/shop_view/369,,category,sitemap,,200,https://biocom.kr/shop_view/369,false,https://biocom.kr/shop_view/369,text/html; charset=utf-8,
https://biocom.kr/shop_view/6,https://biocom.kr/shop_view/6,/shop_view/6,,category,sitemap,,200,https://biocom.kr/shop_view/6,false,https://biocom.kr/shop_view/6,text/html; charset=utf-8,
https://biocom.kr/shop_view/219,https://biocom.kr/shop_view/219,/shop_view/219,,category,sitemap,,200,https://biocom.kr/shop_view/219,false,https://biocom.kr/shop_view/219,text/html; charset=utf-8,
https://biocom.kr/shop_view/279,https://biocom.kr/shop_view/279,/shop_view/279,,category,sitemap,,200,https://biocom.kr/shop_view/279,false,https://biocom.kr/shop_view/279,text/html; charset=utf-8,
https://biocom.kr/shop_view/173,https://biocom.kr/shop_view/173,/shop_view/173,,category,sitemap,,200,https://biocom.kr/shop_view/173,false,https://biocom.kr/shop_view/173,text/html; charset=utf-8,
https://biocom.kr/shop_view/225,https://biocom.kr/shop_view/225,/shop_view/225,,category,sitemap,,200,https://biocom.kr/shop_view/225,false,https://biocom.kr/shop_view/225,text/html; charset=utf-8,
https://biocom.kr/shop_view/198,https://biocom.kr/shop_view/198,/shop_view/198,,category,sitemap,,200,https://biocom.kr/shop_view/198,false,https://biocom.kr/shop_view/198,text/html; charset=utf-8,
https://biocom.kr/shop_view/172,https://biocom.kr/shop_view/172,/shop_view/172,,category,sitemap,,200,https://biocom.kr/shop_view/172,false,https://biocom.kr/shop_view/172,text/html; charset=utf-8,
https://biocom.kr/shop_view/317,https://biocom.kr/shop_view/317,/shop_view/317,,category,sitemap,,200,https://biocom.kr/shop_view/317,false,https://biocom.kr/shop_view/317,text/html; charset=utf-8,
https://biocom.kr/shop_view/386,https://biocom.kr/shop_view/386,/shop_view/386,,category,sitemap,,200,https://biocom.kr/shop_view/386,false,https://biocom.kr/shop_view/386,text/html; charset=utf-8,
https://biocom.kr/shop_view/468,https://biocom.kr/shop_view/468,/shop_view/468,,category,sitemap,,200,https://biocom.kr/shop_view/468,false,https://biocom.kr/shop_view/468,text/html; charset=utf-8,
https://biocom.kr/shop_view/467,https://biocom.kr/shop_view/467,/shop_view/467,,category,sitemap,,200,https://biocom.kr/shop_view/467,false,https://biocom.kr/shop_view/467,text/html; charset=utf-8,
https://biocom.kr/shop_view/463,https://biocom.kr/shop_view/463,/shop_view/463,,category,sitemap,,200,https://biocom.kr/shop_view/463,false,https://biocom.kr/shop_view/463,text/html; charset=utf-8,
https://biocom.kr/shop_view/465,https://biocom.kr/shop_view/465,/shop_view/465,,category,sitemap,,200,https://biocom.kr/shop_view/465,false,https://biocom.kr/shop_view/465,text/html; charset=utf-8,
https://biocom.kr/shop_view/462,https://biocom.kr/shop_view/462,/shop_view/462,,category,sitemap,,200,https://biocom.kr/shop_view/462,false,https://biocom.kr/shop_view/462,text/html; charset=utf-8,
https://biocom.kr/shop_view/461,https://biocom.kr/shop_view/461,/shop_view/461,,category,sitemap,,200,https://biocom.kr/shop_view/461,false,https://biocom.kr/shop_view/461,text/html; charset=utf-8,
https://biocom.kr/shop_view/458,https://biocom.kr/shop_view/458,/shop_view/458,,category,sitemap,,200,https://biocom.kr/shop_view/458,false,https://biocom.kr/shop_view/458,text/html; charset=utf-8,
https://biocom.kr/shop_view/460,https://biocom.kr/shop_view/460,/shop_view/460,,category,sitemap,,200,https://biocom.kr/shop_view/460,false,https://biocom.kr/shop_view/460,text/html; charset=utf-8,
https://biocom.kr/shop_view/459,https://biocom.kr/shop_view/459,/shop_view/459,,category,sitemap,,200,https://biocom.kr/shop_view/459,false,https://biocom.kr/shop_view/459,text/html; charset=utf-8,
https://biocom.kr/shop_view/457,https://biocom.kr/shop_view/457,/shop_view/457,,category,sitemap,,200,https://biocom.kr/shop_view/457,false,https://biocom.kr/shop_view/457,text/html; charset=utf-8,
https://biocom.kr/shop_view/455,https://biocom.kr/shop_view/455,/shop_view/455,,category,sitemap,,200,https://biocom.kr/shop_view/455,false,https://biocom.kr/shop_view/455,text/html; charset=utf-8,
https://biocom.kr/shop_view/456,https://biocom.kr/shop_view/456,/shop_view/456,,category,sitemap,,200,https://biocom.kr/shop_view/456,false,https://biocom.kr/shop_view/456,text/html; charset=utf-8,
https://biocom.kr/shop_view/454,https://biocom.kr/shop_view/454,/shop_view/454,,category,sitemap,,200,https://biocom.kr/shop_view/454,false,https://biocom.kr/shop_view/454,text/html; charset=utf-8,
https://biocom.kr/shop_view/451,https://biocom.kr/shop_view/451,/shop_view/451,,category,sitemap,,200,https://biocom.kr/shop_view/451,false,https://biocom.kr/shop_view/451,text/html; charset=utf-8,
https://biocom.kr/shop_view/452,https://biocom.kr/shop_view/452,/shop_view/452,,category,sitemap,,200,https://biocom.kr/shop_view/452,false,https://biocom.kr/shop_view/452,text/html; charset=utf-8,
https://biocom.kr/shop_view/446,https://biocom.kr/shop_view/446,/shop_view/446,,category,sitemap,,200,https://biocom.kr/shop_view/446,false,https://biocom.kr/shop_view/446,text/html; charset=utf-8,
https://biocom.kr/shop_view/448,https://biocom.kr/shop_view/448,/shop_view/448,,category,sitemap,,200,https://biocom.kr/shop_view/448,false,https://biocom.kr/shop_view/448,text/html; charset=utf-8,
https://biocom.kr/shop_view/447,https://biocom.kr/shop_view/447,/shop_view/447,,category,sitemap,,200,https://biocom.kr/shop_view/447,false,https://biocom.kr/shop_view/447,text/html; charset=utf-8,
https://biocom.kr/shop_view/444,https://biocom.kr/shop_view/444,/shop_view/444,,category,sitemap,,200,https://biocom.kr/shop_view/444,false,https://biocom.kr/shop_view/444,text/html; charset=utf-8,
https://biocom.kr/shop_view/445,https://biocom.kr/shop_view/445,/shop_view/445,,category,sitemap,,200,https://biocom.kr/shop_view/445,false,https://biocom.kr/shop_view/445,text/html; charset=utf-8,
https://biocom.kr/shop_view/22,https://biocom.kr/shop_view/22,/shop_view/22,,category,sitemap,,200,https://biocom.kr/shop_view/22,false,https://biocom.kr/shop_view/22,text/html; charset=utf-8,
https://biocom.kr/shop_view/31,https://biocom.kr/shop_view/31,/shop_view/31,,category,sitemap,,200,https://biocom.kr/shop_view/31,false,https://biocom.kr/shop_view/31,text/html; charset=utf-8,
https://biocom.kr/shop_view/442,https://biocom.kr/shop_view/442,/shop_view/442,,category,sitemap,,200,https://biocom.kr/shop_view/442,false,https://biocom.kr/shop_view/442,text/html; charset=utf-8,
https://biocom.kr/shop_view/440,https://biocom.kr/shop_view/440,/shop_view/440,,category,sitemap,,200,https://biocom.kr/shop_view/440,false,https://biocom.kr/shop_view/440,text/html; charset=utf-8,
https://biocom.kr/shop_view/331,https://biocom.kr/shop_view/331,/shop_view/331,,category,sitemap,,200,https://biocom.kr/shop_view/331,false,https://biocom.kr/shop_view/331,text/html; charset=utf-8,
https://biocom.kr/shop_view/134,https://biocom.kr/shop_view/134,/shop_view/134,,category,sitemap,,200,https://biocom.kr/shop_view/134,false,https://biocom.kr/shop_view/134,text/html; charset=utf-8,
https://biocom.kr/shop_view/264,https://biocom.kr/shop_view/264,/shop_view/264,,category,sitemap,,200,https://biocom.kr/shop_view/264,false,https://biocom.kr/shop_view/264,text/html; charset=utf-8,
https://biocom.kr/shop_view/333,https://biocom.kr/shop_view/333,/shop_view/333,,category,sitemap,,200,https://biocom.kr/shop_view/333,false,https://biocom.kr/shop_view/333,text/html; charset=utf-8,
https://biocom.kr/shop_view/332,https://biocom.kr/shop_view/332,/shop_view/332,,category,sitemap,,200,https://biocom.kr/shop_view/332,false,https://biocom.kr/shop_view/332,text/html; charset=utf-8,
https://biocom.kr/shop_view/346,https://biocom.kr/shop_view/346,/shop_view/346,,category,sitemap,,200,https://biocom.kr/shop_view/346,false,https://biocom.kr/shop_view/346,text/html; charset=utf-8,
https://biocom.kr/shop_view/246,https://biocom.kr/shop_view/246,/shop_view/246,,category,sitemap,,200,https://biocom.kr/shop_view/246,false,https://biocom.kr/shop_view/246,text/html; charset=utf-8,
https://biocom.kr/shop_view/197,https://biocom.kr/shop_view/197,/shop_view/197,,category,sitemap,,200,https://biocom.kr/shop_view/197,false,https://biocom.kr/shop_view/197,text/html; charset=utf-8,
https://biocom.kr/shop_view/196,https://biocom.kr/shop_view/196,/shop_view/196,,category,sitemap,,200,https://biocom.kr/shop_view/196,false,https://biocom.kr/shop_view/196,text/html; charset=utf-8,
https://biocom.kr/shop_view/256,https://biocom.kr/shop_view/256,/shop_view/256,,category,sitemap,,200,https://biocom.kr/shop_view/256,false,https://biocom.kr/shop_view/256,text/html; charset=utf-8,
https://biocom.kr/shop_view/323,https://biocom.kr/shop_view/323,/shop_view/323,,category,sitemap,,200,https://biocom.kr/shop_view/323,false,https://biocom.kr/shop_view/323,text/html; charset=utf-8,
https://biocom.kr/shop_view/252,https://biocom.kr/shop_view/252,/shop_view/252,,category,sitemap,,200,https://biocom.kr/shop_view/252,false,https://biocom.kr/shop_view/252,text/html; charset=utf-8,
https://biocom.kr/shop_view/324,https://biocom.kr/shop_view/324,/shop_view/324,,category,sitemap,,200,https://biocom.kr/shop_view/324,false,https://biocom.kr/shop_view/324,text/html; charset=utf-8,
https://biocom.kr/shop_view/254,https://biocom.kr/shop_view/254,/shop_view/254,,category,sitemap,,200,https://biocom.kr/shop_view/254,false,https://biocom.kr/shop_view/254,text/html; charset=utf-8,
https://biocom.kr/shop_view/230,https://biocom.kr/shop_view/230,/shop_view/230,,category,sitemap,,200,https://biocom.kr/shop_view/230,false,https://biocom.kr/shop_view/230,text/html; charset=utf-8,
https://biocom.kr/shop_view/377,https://biocom.kr/shop_view/377,/shop_view/377,,category,sitemap,,200,https://biocom.kr/shop_view/377,false,https://biocom.kr/shop_view/377,text/html; charset=utf-8,
https://biocom.kr/shop_view/376,https://biocom.kr/shop_view/376,/shop_view/376,,category,sitemap,,200,https://biocom.kr/shop_view/376,false,https://biocom.kr/shop_view/376,text/html; charset=utf-8,
https://biocom.kr/shop_view/319,https://biocom.kr/shop_view/319,/shop_view/319,,category,sitemap,,200,https://biocom.kr/shop_view/319,false,https://biocom.kr/shop_view/319,text/html; charset=utf-8,
https://biocom.kr/shop_view/253,https://biocom.kr/shop_view/253,/shop_view/253,,category,sitemap,,200,https://biocom.kr/shop_view/253,false,https://biocom.kr/shop_view/253,text/html; charset=utf-8,
https://biocom.kr/shop_view/67,https://biocom.kr/shop_view/67,/shop_view/67,,category,sitemap,,200,https://biocom.kr/shop_view/67,false,https://biocom.kr/shop_view/67,text/html; charset=utf-8,
https://biocom.kr/shop_view/437,https://biocom.kr/shop_view/437,/shop_view/437,,category,sitemap,,200,https://biocom.kr/shop_view/437,false,https://biocom.kr/shop_view/437,text/html; charset=utf-8,
https://biocom.kr/shop_view/434,https://biocom.kr/shop_view/434,/shop_view/434,,category,sitemap,,200,https://biocom.kr/shop_view/434,false,https://biocom.kr/shop_view/434,text/html; charset=utf-8,
https://biocom.kr/shop_view/439,https://biocom.kr/shop_view/439,/shop_view/439,,category,sitemap,,200,https://biocom.kr/shop_view/439,false,https://biocom.kr/shop_view/439,text/html; charset=utf-8,
https://biocom.kr/shop_view/438,https://biocom.kr/shop_view/438,/shop_view/438,,category,sitemap,,200,https://biocom.kr/shop_view/438,false,https://biocom.kr/shop_view/438,text/html; charset=utf-8,
https://biocom.kr/shop_view/421,https://biocom.kr/shop_view/421,/shop_view/421,,category,sitemap,,200,https://biocom.kr/shop_view/421,false,https://biocom.kr/shop_view/421,text/html; charset=utf-8,
https://biocom.kr/shop_view/430,https://biocom.kr/shop_view/430,/shop_view/430,,category,sitemap,,200,https://biocom.kr/shop_view/430,false,https://biocom.kr/shop_view/430,text/html; charset=utf-8,
https://biocom.kr/shop_view/436,https://biocom.kr/shop_view/436,/shop_view/436,,category,sitemap,,200,https://biocom.kr/shop_view/436,false,https://biocom.kr/shop_view/436,text/html; charset=utf-8,
https://biocom.kr/shop_view/435,https://biocom.kr/shop_view/435,/shop_view/435,,category,sitemap,,200,https://biocom.kr/shop_view/435,false,https://biocom.kr/shop_view/435,text/html; charset=utf-8,
https://biocom.kr/shop_view/423,https://biocom.kr/shop_view/423,/shop_view/423,,category,sitemap,,200,https://biocom.kr/shop_view/423,false,https://biocom.kr/shop_view/423,text/html; charset=utf-8,
https://biocom.kr/shop_view/281,https://biocom.kr/shop_view/281,/shop_view/281,,category,sitemap,,200,https://biocom.kr/shop_view/281,false,https://biocom.kr/shop_view/281,text/html; charset=utf-8,
https://biocom.kr/shop_view/429,https://biocom.kr/shop_view/429,/shop_view/429,,category,sitemap,,200,https://biocom.kr/shop_view/429,false,https://biocom.kr/shop_view/429,text/html; charset=utf-8,
https://biocom.kr/shop_view/428,https://biocom.kr/shop_view/428,/shop_view/428,,category,sitemap,,200,https://biocom.kr/shop_view/428,false,https://biocom.kr/shop_view/428,text/html; charset=utf-8,
https://biocom.kr/shop_view/427,https://biocom.kr/shop_view/427,/shop_view/427,,category,sitemap,,200,https://biocom.kr/shop_view/427,false,https://biocom.kr/shop_view/427,text/html; charset=utf-8,
https://biocom.kr/shop_view/426,https://biocom.kr/shop_view/426,/shop_view/426,,category,sitemap,,200,https://biocom.kr/shop_view/426,false,https://biocom.kr/shop_view/426,text/html; charset=utf-8,
https://biocom.kr/shop_view/425,https://biocom.kr/shop_view/425,/shop_view/425,,category,sitemap,,200,https://biocom.kr/shop_view/425,false,https://biocom.kr/shop_view/425,text/html; charset=utf-8,
https://biocom.kr/shop_view/401,https://biocom.kr/shop_view/401,/shop_view/401,,category,sitemap,,200,https://biocom.kr/shop_view/401,false,https://biocom.kr/shop_view/401,text/html; charset=utf-8,
https://biocom.kr/shop_view/422,https://biocom.kr/shop_view/422,/shop_view/422,,category,sitemap,,200,https://biocom.kr/shop_view/422,false,https://biocom.kr/shop_view/422,text/html; charset=utf-8,
https://biocom.kr/shop_view/24,https://biocom.kr/shop_view/24,/shop_view/24,,category,sitemap,,200,https://biocom.kr/shop_view/24,false,https://biocom.kr/shop_view/24,text/html; charset=utf-8,
https://biocom.kr/shop_view/267,https://biocom.kr/shop_view/267,/shop_view/267,,category,sitemap,,200,https://biocom.kr/shop_view/267,false,https://biocom.kr/shop_view/267,text/html; charset=utf-8,
https://biocom.kr/shop_view/233,https://biocom.kr/shop_view/233,/shop_view/233,,category,sitemap,,200,https://biocom.kr/shop_view/233,false,https://biocom.kr/shop_view/233,text/html; charset=utf-8,
https://biocom.kr/shop_view/81,https://biocom.kr/shop_view/81,/shop_view/81,,category,sitemap,,200,https://biocom.kr/shop_view/81,false,https://biocom.kr/shop_view/81,text/html; charset=utf-8,
https://biocom.kr/shop_view/115,https://biocom.kr/shop_view/115,/shop_view/115,,category,sitemap,,200,https://biocom.kr/shop_view/115,false,https://biocom.kr/shop_view/115,text/html; charset=utf-8,
https://biocom.kr/shop_view/10,https://biocom.kr/shop_view/10,/shop_view/10,,category,sitemap,,200,https://biocom.kr/shop_view/10,false,https://biocom.kr/shop_view/10,text/html; charset=utf-8,
https://biocom.kr/shop_view/16,https://biocom.kr/shop_view/16,/shop_view/16,,category,sitemap,,200,https://biocom.kr/shop_view/16,false,https://biocom.kr/shop_view/16,text/html; charset=utf-8,
https://biocom.kr/shop_view/91,https://biocom.kr/shop_view/91,/shop_view/91,,category,sitemap,,200,https://biocom.kr/shop_view/91,false,https://biocom.kr/shop_view/91,text/html; charset=utf-8,
https://biocom.kr/shop_view/21,https://biocom.kr/shop_view/21,/shop_view/21,,category,sitemap,,200,https://biocom.kr/shop_view/21,false,https://biocom.kr/shop_view/21,text/html; charset=utf-8,
https://biocom.kr/shop_view/116,https://biocom.kr/shop_view/116,/shop_view/116,,category,sitemap,,200,https://biocom.kr/shop_view/116,false,https://biocom.kr/shop_view/116,text/html; charset=utf-8,
https://biocom.kr/shop_view/82,https://biocom.kr/shop_view/82,/shop_view/82,,category,sitemap,,200,https://biocom.kr/shop_view/82,false,https://biocom.kr/shop_view/82,text/html; charset=utf-8,
https://biocom.kr/shop_view/121,https://biocom.kr/shop_view/121,/shop_view/121,,category,sitemap,,200,https://biocom.kr/shop_view/121,false,https://biocom.kr/shop_view/121,text/html; charset=utf-8,
https://biocom.kr/shop_view/84,https://biocom.kr/shop_view/84,/shop_view/84,,category,sitemap,,200,https://biocom.kr/shop_view/84,false,https://biocom.kr/shop_view/84,text/html; charset=utf-8,
https://biocom.kr/shop_view/420,https://biocom.kr/shop_view/420,/shop_view/420,,category,sitemap,,200,https://biocom.kr/shop_view/420,false,https://biocom.kr/shop_view/420,text/html; charset=utf-8,
https://biocom.kr/shop_view/419,https://biocom.kr/shop_view/419,/shop_view/419,,category,sitemap,,200,https://biocom.kr/shop_view/419,false,https://biocom.kr/shop_view/419,text/html; charset=utf-8,
https://biocom.kr/shop_view/415,https://biocom.kr/shop_view/415,/shop_view/415,,category,sitemap,,200,https://biocom.kr/shop_view/415,false,https://biocom.kr/shop_view/415,text/html; charset=utf-8,
https://biocom.kr/shop_view/416,https://biocom.kr/shop_view/416,/shop_view/416,,category,sitemap,,200,https://biocom.kr/shop_view/416,false,https://biocom.kr/shop_view/416,text/html; charset=utf-8,
https://biocom.kr/shop_view/417,https://biocom.kr/shop_view/417,/shop_view/417,,category,sitemap,,200,https://biocom.kr/shop_view/417,false,https://biocom.kr/shop_view/417,text/html; charset=utf-8,
https://biocom.kr/shop_view/418,https://biocom.kr/shop_view/418,/shop_view/418,,category,sitemap,,200,https://biocom.kr/shop_view/418,false,https://biocom.kr/shop_view/418,text/html; charset=utf-8,
https://biocom.kr/shop_view/414,https://biocom.kr/shop_view/414,/shop_view/414,,category,sitemap,,200,https://biocom.kr/shop_view/414,false,https://biocom.kr/shop_view/414,text/html; charset=utf-8,
https://biocom.kr/shop_view/413,https://biocom.kr/shop_view/413,/shop_view/413,,category,sitemap,,200,https://biocom.kr/shop_view/413,false,https://biocom.kr/shop_view/413,text/html; charset=utf-8,
https://biocom.kr/shop_view/411,https://biocom.kr/shop_view/411,/shop_view/411,,category,sitemap,,200,https://biocom.kr/shop_view/411,false,https://biocom.kr/shop_view/411,text/html; charset=utf-8,
https://biocom.kr/shop_view/410,https://biocom.kr/shop_view/410,/shop_view/410,,category,sitemap,,200,https://biocom.kr/shop_view/410,false,https://biocom.kr/shop_view/410,text/html; charset=utf-8,
https://biocom.kr/shop_view/226,https://biocom.kr/shop_view/226,/shop_view/226,,category,sitemap,,200,https://biocom.kr/shop_view/226,false,https://biocom.kr/shop_view/226,text/html; charset=utf-8,
https://biocom.kr/shop_view/190,https://biocom.kr/shop_view/190,/shop_view/190,,category,sitemap,,200,https://biocom.kr/shop_view/190,false,https://biocom.kr/shop_view/190,text/html; charset=utf-8,
https://biocom.kr/shop_view/191,https://biocom.kr/shop_view/191,/shop_view/191,,category,sitemap,,200,https://biocom.kr/shop_view/191,false,https://biocom.kr/shop_view/191,text/html; charset=utf-8,
https://biocom.kr/shop_view/202,https://biocom.kr/shop_view/202,/shop_view/202,,category,sitemap,,200,https://biocom.kr/shop_view/202,false,https://biocom.kr/shop_view/202,text/html; charset=utf-8,
https://biocom.kr/shop_view/189,https://biocom.kr/shop_view/189,/shop_view/189,,category,sitemap,,200,https://biocom.kr/shop_view/189,false,https://biocom.kr/shop_view/189,text/html; charset=utf-8,
https://biocom.kr/shop_view/385,https://biocom.kr/shop_view/385,/shop_view/385,,category,sitemap,,200,https://biocom.kr/shop_view/385,false,https://biocom.kr/shop_view/385,text/html; charset=utf-8,
https://biocom.kr/shop_view/382,https://biocom.kr/shop_view/382,/shop_view/382,,category,sitemap,,200,https://biocom.kr/shop_view/382,false,https://biocom.kr/shop_view/382,text/html; charset=utf-8,
https://biocom.kr/shop_view/383,https://biocom.kr/shop_view/383,/shop_view/383,,category,sitemap,,200,https://biocom.kr/shop_view/383,false,https://biocom.kr/shop_view/383,text/html; charset=utf-8,
https://biocom.kr/shop_view/384,https://biocom.kr/shop_view/384,/shop_view/384,,category,sitemap,,200,https://biocom.kr/shop_view/384,false,https://biocom.kr/shop_view/384,text/html; charset=utf-8,
https://biocom.kr/shop_view/408,https://biocom.kr/shop_view/408,/shop_view/408,,category,sitemap,,200,https://biocom.kr/shop_view/408,false,https://biocom.kr/shop_view/408,text/html; charset=utf-8,
https://biocom.kr/shop_view/406,https://biocom.kr/shop_view/406,/shop_view/406,,category,sitemap,,200,https://biocom.kr/shop_view/406,false,https://biocom.kr/shop_view/406,text/html; charset=utf-8,
https://biocom.kr/shop_view/405,https://biocom.kr/shop_view/405,/shop_view/405,,category,sitemap,,200,https://biocom.kr/shop_view/405,false,https://biocom.kr/shop_view/405,text/html; charset=utf-8,
https://biocom.kr/shop_view/402,https://biocom.kr/shop_view/402,/shop_view/402,,category,sitemap,,200,https://biocom.kr/shop_view/402,false,https://biocom.kr/shop_view/402,text/html; charset=utf-8,
https://biocom.kr/shop_view/403,https://biocom.kr/shop_view/403,/shop_view/403,,category,sitemap,,200,https://biocom.kr/shop_view/403,false,https://biocom.kr/shop_view/403,text/html; charset=utf-8,
https://biocom.kr/shop_view/368,https://biocom.kr/shop_view/368,/shop_view/368,,category,sitemap,,200,https://biocom.kr/shop_view/368,false,https://biocom.kr/shop_view/368,text/html; charset=utf-8,
https://biocom.kr/shop_view/380,https://biocom.kr/shop_view/380,/shop_view/380,,category,sitemap,,200,https://biocom.kr/shop_view/380,false,https://biocom.kr/shop_view/380,text/html; charset=utf-8,
https://biocom.kr/shop_view/381,https://biocom.kr/shop_view/381,/shop_view/381,,category,sitemap,,200,https://biocom.kr/shop_view/381,false,https://biocom.kr/shop_view/381,text/html; charset=utf-8,
https://biocom.kr/shop_view/398,https://biocom.kr/shop_view/398,/shop_view/398,,category,sitemap,,200,https://biocom.kr/shop_view/398,false,https://biocom.kr/shop_view/398,text/html; charset=utf-8,
https://biocom.kr/shop_view/399,https://biocom.kr/shop_view/399,/shop_view/399,,category,sitemap,,200,https://biocom.kr/shop_view/399,false,https://biocom.kr/shop_view/399,text/html; charset=utf-8,
https://biocom.kr/shop_view/397,https://biocom.kr/shop_view/397,/shop_view/397,,category,sitemap,,200,https://biocom.kr/shop_view/397,false,https://biocom.kr/shop_view/397,text/html; charset=utf-8,
https://biocom.kr/shop_view/396,https://biocom.kr/shop_view/396,/shop_view/396,,category,sitemap,,200,https://biocom.kr/shop_view/396,false,https://biocom.kr/shop_view/396,text/html; charset=utf-8,
https://biocom.kr/shop_view/394,https://biocom.kr/shop_view/394,/shop_view/394,,category,sitemap,,200,https://biocom.kr/shop_view/394,false,https://biocom.kr/shop_view/394,text/html; charset=utf-8,
https://biocom.kr/shop_view/392,https://biocom.kr/shop_view/392,/shop_view/392,,category,sitemap,,200,https://biocom.kr/shop_view/392,false,https://biocom.kr/shop_view/392,text/html; charset=utf-8,
https://biocom.kr/shop_view/390,https://biocom.kr/shop_view/390,/shop_view/390,,category,sitemap,,200,https://biocom.kr/shop_view/390,false,https://biocom.kr/shop_view/390,text/html; charset=utf-8,
https://biocom.kr/shop_view/391,https://biocom.kr/shop_view/391,/shop_view/391,,category,sitemap,,200,https://biocom.kr/shop_view/391,false,https://biocom.kr/shop_view/391,text/html; charset=utf-8,
https://biocom.kr/shop_view/378,https://biocom.kr/shop_view/378,/shop_view/378,,category,sitemap,,200,https://biocom.kr/shop_view/378,false,https://biocom.kr/shop_view/378,text/html; charset=utf-8,
https://biocom.kr/shop_view/379,https://biocom.kr/shop_view/379,/shop_view/379,,category,sitemap,,200,https://biocom.kr/shop_view/379,false,https://biocom.kr/shop_view/379,text/html; charset=utf-8,
https://biocom.kr/shop_view/235,https://biocom.kr/shop_view/235,/shop_view/235,,category,sitemap,,200,https://biocom.kr/shop_view/235,false,https://biocom.kr/shop_view/235,text/html; charset=utf-8,
https://biocom.kr/shop_view/364,https://biocom.kr/shop_view/364,/shop_view/364,,category,sitemap,,200,https://biocom.kr/shop_view/364,false,https://biocom.kr/shop_view/364,text/html; charset=utf-8,
https://biocom.kr/shop_view/363,https://biocom.kr/shop_view/363,/shop_view/363,,category,sitemap,,200,https://biocom.kr/shop_view/363,false,https://biocom.kr/shop_view/363,text/html; charset=utf-8,
https://biocom.kr/shop_view/265,https://biocom.kr/shop_view/265,/shop_view/265,,category,sitemap,,200,https://biocom.kr/shop_view/265,false,https://biocom.kr/shop_view/265,text/html; charset=utf-8,
https://biocom.kr/shop_view/40,https://biocom.kr/shop_view/40,/shop_view/40,,category,sitemap,,200,https://biocom.kr/shop_view/40,false,https://biocom.kr/shop_view/40,text/html; charset=utf-8,
https://biocom.kr/shop_view/32,https://biocom.kr/shop_view/32,/shop_view/32,,category,sitemap,,200,https://biocom.kr/shop_view/32,false,https://biocom.kr/shop_view/32,text/html; charset=utf-8,
https://biocom.kr/shop_view/174,https://biocom.kr/shop_view/174,/shop_view/174,,category,sitemap,,200,https://biocom.kr/shop_view/174,false,https://biocom.kr/shop_view/174,text/html; charset=utf-8,
https://biocom.kr/shop_view/330,https://biocom.kr/shop_view/330,/shop_view/330,,category,sitemap,,200,https://biocom.kr/shop_view/330,false,https://biocom.kr/shop_view/330,text/html; charset=utf-8,
https://biocom.kr/shop_view/280,https://biocom.kr/shop_view/280,/shop_view/280,,category,sitemap,,200,https://biocom.kr/shop_view/280,false,https://biocom.kr/shop_view/280,text/html; charset=utf-8,
https://biocom.kr/shop_view/208,https://biocom.kr/shop_view/208,/shop_view/208,,category,sitemap,,200,https://biocom.kr/shop_view/208,false,https://biocom.kr/shop_view/208,text/html; charset=utf-8,
https://biocom.kr/shop_view/237,https://biocom.kr/shop_view/237,/shop_view/237,,category,sitemap,,200,https://biocom.kr/shop_view/237,false,https://biocom.kr/shop_view/237,text/html; charset=utf-8,
https://biocom.kr/shop_view/236,https://biocom.kr/shop_view/236,/shop_view/236,,category,sitemap,,200,https://biocom.kr/shop_view/236,false,https://biocom.kr/shop_view/236,text/html; charset=utf-8,
https://biocom.kr/shop_view/238,https://biocom.kr/shop_view/238,/shop_view/238,,category,sitemap,,200,https://biocom.kr/shop_view/238,false,https://biocom.kr/shop_view/238,text/html; charset=utf-8,
https://biocom.kr/shop_view/240,https://biocom.kr/shop_view/240,/shop_view/240,,category,sitemap,,200,https://biocom.kr/shop_view/240,false,https://biocom.kr/shop_view/240,text/html; charset=utf-8,
https://biocom.kr/shop_view/307,https://biocom.kr/shop_view/307,/shop_view/307,,category,sitemap,,200,https://biocom.kr/shop_view/307,false,https://biocom.kr/shop_view/307,text/html; charset=utf-8,
https://biocom.kr/shop_view/271,https://biocom.kr/shop_view/271,/shop_view/271,,category,sitemap,,200,https://biocom.kr/shop_view/271,false,https://biocom.kr/shop_view/271,text/html; charset=utf-8,
https://biocom.kr/shop_view/187,https://biocom.kr/shop_view/187,/shop_view/187,,category,sitemap,,200,https://biocom.kr/shop_view/187,false,https://biocom.kr/shop_view/187,text/html; charset=utf-8,
https://biocom.kr/login?back_url=L3Nob3BfbXlwYWdl&type=mypage,https://biocom.kr/login?back_url=L3Nob3BfbXlwYWdl&type=mypage,/login,back_url=L3Nob3BfbXlwYWdl&type=mypage,cart/login/member,https://biocom.kr/ | https://biocom.kr/service,마이페이지,200,https://biocom.kr/login?back_url=L3Nob3BfbXlwYWdl&type=mypage,true,https://biocom.kr/login,text/html; charset=utf-8,
https://biocom.kr/logout.cm,https://biocom.kr/logout.cm,/logout.cm,,category,https://biocom.kr/ | https://biocom.kr/service,로그아웃,200,https://biocom.kr/logout.cm,false,https://biocom.kr/logout.cm,text/html; charset=utf-8,
https://biocom.kr/login?back_url=Lw%3D%3D&used_login_btn=Y,https://biocom.kr/login?back_url=Lw%3D%3D&used_login_btn=Y,/login,back_url=Lw%3D%3D&used_login_btn=Y,cart/login/member,https://biocom.kr/,로그인이 필요합니다. 로그인,200,https://biocom.kr/login?back_url=Lw%3D%3D&used_login_btn=Y,true,https://biocom.kr/login,text/html; charset=utf-8,
https://biocom.kr/igg_store/?idx=85,https://biocom.kr/igg_store?idx=85,/igg_store/,idx=85,product,https://biocom.kr/ | https://biocom.kr/service,음식물 과민증 분석,200,https://biocom.kr/igg_store/?idx=85,true,/igg_store:idx:85,text/html; charset=utf-8,
https://biocom.kr/hormon_store/?idx=219,https://biocom.kr/hormon_store?idx=219,/hormon_store/,idx=219,product,https://biocom.kr/ | https://biocom.kr/service,스트레스 노화 분석,200,https://biocom.kr/hormon_store/?idx=219,true,/hormon_store:idx:219,text/html; charset=utf-8,
https://biocom.kr/shop_view?idx=251,https://biocom.kr/shop_view?idx=251,/shop_view,idx=251,product,https://biocom.kr/ | https://biocom.kr/service,종합 호르몬 균형 분석,200,https://biocom.kr/shop_view?idx=251,true,/shop_view:idx:251,text/html; charset=utf-8,
https://biocom.kr/mineraltest_store/?idx=6,https://biocom.kr/mineraltest_store?idx=6,/mineraltest_store/,idx=6,product,https://biocom.kr/ | https://biocom.kr/service,영양 중금속 분석,200,https://biocom.kr/mineraltest_store/?idx=6,true,/mineraltest_store:idx:6,text/html; charset=utf-8,
https://biocom.kr/microbiome/?idx=12,https://biocom.kr/microbiome?idx=12,/microbiome/,idx=12,noisy parameter URL,https://biocom.kr/ | https://biocom.kr/service,장내세균 분석,200,https://biocom.kr/microbiome/?idx=12,true,/microbiome:idx:12,text/html; charset=utf-8,
https://biocom.kr/biocomset_store/?idx=328,https://biocom.kr/biocomset_store?idx=328,/biocomset_store/,idx=328,product,https://biocom.kr/ | https://biocom.kr/service,종합 대사기능&음식물 과민증 검사 Set,200,https://biocom.kr/biocomset_store/?idx=328,true,/biocomset_store:idx:328,text/html; charset=utf-8,
https://biocom.kr/shop_view/?idx=369,https://biocom.kr/shop_view?idx=369,/shop_view/,idx=369,product,https://biocom.kr/ | https://biocom.kr/service,바이오 펫 영양 분석,200,https://biocom.kr/shop_view/?idx=369,true,/shop_view:idx:369,text/html; charset=utf-8,
https://biocom.kr/membership,https://biocom.kr/membership,/membership,,cart/login/member,https://biocom.kr/ | https://biocom.kr/service,멤버십/쿠폰,200,https://biocom.kr/membership,false,https://biocom.kr/membership,text/html; charset=utf-8,
https://biocom.kr/site_join_type_choice?back_url=Lw%3D%3D&utm_source=topbanner_pc&utm_medium=topbanner_pc&utm_campaign=topbanner_PC&utm_content=topbanner_PC,https://biocom.kr/site_join_type_choice?back_url=Lw%3D%3D,/site_join_type_choice,back_url=Lw%3D%3D&utm_source=topbanner_pc&utm_medium=topbanner_pc&utm_campaign=topbanner_PC&utm_content=topbanner_PC,cart/login/member,https://biocom.kr/ | https://biocom.kr/service,🔔1초만에 가입하고 7만원 쿠폰팩 받기→,200,https://biocom.kr/site_join_type_choice?back_url=Lw%3D%3D&utm_source=topbanner_pc&utm_medium=topbanner_pc&utm_campaign=topbanner_PC&utm_content=topbanner_PC,true,https://biocom.kr/site_join_type_choice,text/html; charset=utf-8,
https://biocom.kr/site_join_pattern_choice?back_url=Lw%3D%3D,https://biocom.kr/site_join_pattern_choice?back_url=Lw%3D%3D,/site_join_pattern_choice,back_url=Lw%3D%3D,cart/login/member,https://biocom.kr/,1초 회원가입,200,https://biocom.kr/site_join_type_choice?back_url=Lw%3D%3D,true,https://biocom.kr/site_join_pattern_choice,text/html; charset=utf-8,
https://biocom.kr/shop_cart,https://biocom.kr/shop_cart,/shop_cart,,cart/login/member,https://biocom.kr/ | https://biocom.kr/service,장바구니0,200,https://biocom.kr/shop_cart,false,https://biocom.kr/shop_cart,text/html; charset=utf-8,
https://www.biocom.kr/reportPC,https://biocom.kr/reportPC,/reportPC,,category,https://biocom.kr/ | https://biocom.kr/service,검사결과 확인,200,https://biocom.kr/login?back_url=L3JlcG9ydFBD,false,https://biocom.kr/reportPC,text/html; charset=utf-8,
https://biocom.kr/igg,https://biocom.kr/igg,/igg,,category,https://biocom.kr/,,200,https://biocom.kr/igg_store/?idx=85,false,https://biocom.kr/igg,text/html; charset=utf-8,
https://biocom.kr/HealthFood/?idx=198,https://biocom.kr/HealthFood?idx=198,/HealthFood/,idx=198,product,https://biocom.kr/,"뉴로마스터 60정 (1개월분) 35,000원 60,000원 TIME SALE",200,https://biocom.kr/HealthFood/?idx=198,true,/HealthFood:idx:198,text/html; charset=utf-8,
https://biocom.kr/HealthFood/?idx=171,https://biocom.kr/HealthFood?idx=171,/HealthFood/,idx=171,product,https://biocom.kr/,"풍성밸런스 90정 (1개월분) 35,000원 65,000원 TIME SALE",200,https://biocom.kr/HealthFood/?idx=171,true,/HealthFood:idx:171,text/html; charset=utf-8,
https://biocom.kr/HealthFood/?idx=300,https://biocom.kr/HealthFood?idx=300,/HealthFood/,idx=300,product,https://biocom.kr/,"영데이즈 저속노화 SOD 효소 (15포) 36,000원 45,000원 TIME SALE",200,https://biocom.kr/HealthFood/?idx=300,true,/HealthFood:idx:300,text/html; charset=utf-8,
https://biocom.kr/HealthFood/?idx=386,https://biocom.kr/HealthFood?idx=386,/HealthFood/,idx=386,product,https://biocom.kr/,"메타드림 식물성 멜라토닌 함유 36,900원 46,000원 TIME SALE",200,https://biocom.kr/HealthFood/?idx=386,true,/HealthFood:idx:386,text/html; charset=utf-8,
https://biocom.kr/HealthFood/?idx=279,https://biocom.kr/HealthFood?idx=279,/HealthFood/,idx=279,product,https://biocom.kr/,"혈당상승 억제엔 방탄젤리 난소화성말토덱스트린 21,900원 28,000원 TIME SALE",200,https://biocom.kr/HealthFood/?idx=279,true,/HealthFood:idx:279,text/html; charset=utf-8,
https://biocom.kr/healthinfo/?idx=171034605&bmode=view,https://biocom.kr/healthinfo?bmode=view&idx=171034605,/healthinfo/,idx=171034605&bmode=view,article/column,https://biocom.kr/,,200,https://biocom.kr/healthinfo/?idx=171034605&bmode=view,true,view_idx:171034605,text/html; charset=utf-8,
https://biocom.kr/healthinfo/?idx=170957615&bmode=view,https://biocom.kr/healthinfo?bmode=view&idx=170957615,/healthinfo/,idx=170957615&bmode=view,article/column,https://biocom.kr/,,200,https://biocom.kr/healthinfo/?idx=170957615&bmode=view,true,view_idx:170957615,text/html; charset=utf-8,
https://biocom.kr/healthinfo/?idx=170943458&bmode=view,https://biocom.kr/healthinfo?bmode=view&idx=170943458,/healthinfo/,idx=170943458&bmode=view,article/column,https://biocom.kr/,,200,https://biocom.kr/healthinfo/?idx=170943458&bmode=view,true,view_idx:170943458,text/html; charset=utf-8,
https://biocom.kr/igg_store,https://biocom.kr/igg_store,/igg_store,,category,https://biocom.kr/,구매하기 →,200,https://biocom.kr/igg_store/?idx=85,false,https://biocom.kr/igg_store,text/html; charset=utf-8,
https://biocom.kr/hormon_store,https://biocom.kr/hormon_store,/hormon_store,,category,https://biocom.kr/,구매하기 →,200,https://biocom.kr/hormon_store/?idx=219,false,https://biocom.kr/hormon_store,text/html; charset=utf-8,
https://biocom.kr/HealthFood/?idx=409,https://biocom.kr/HealthFood?idx=409,/HealthFood/,idx=409,product,https://biocom.kr/,"리셋데이 글루텐분해효소 알파CD 차전자피 K-낙산균 28,800원 36,000원 TIME SALE",200,https://biocom.kr/HealthFood/?idx=409,true,/HealthFood:idx:409,text/html; charset=utf-8,
https://biocom.kr/HealthFood/?idx=317,https://biocom.kr/HealthFood?idx=317,/HealthFood/,idx=317,product,https://biocom.kr/,"혈당관리엔 당당케어 (120정) 59,800원 100,000원 TIME SALE",200,https://biocom.kr/HealthFood/?idx=317,true,/HealthFood:idx:317,text/html; charset=utf-8,
https://biocom.kr/?q=YToxOntzOjEyOiJrZXl3b3JkX3R5cGUiO3M6MzoiYWxsIjt9&bmode=view&interlock=shop_review&idx=120716102&t=board,https://biocom.kr/?bmode=view&idx=120716102&interlock=shop_review&q=YToxOntzOjEyOiJrZXl3b3JkX3R5cGUiO3M6MzoiYWxsIjt9&t=board,/,q=YToxOntzOjEyOiJrZXl3b3JkX3R5cGUiO3M6MzoiYWxsIjt9&bmode=view&interlock=shop_review&idx=120716102&t=board,noisy parameter URL,https://biocom.kr/,공지 다양한 미네랄과 마그네슘까지 한번에 섭취할수 있어 편해요. N caly**** 3시간전,200,https://biocom.kr/?q=YToxOntzOjEyOiJrZXl3b3JkX3R5cGUiO3M6MzoiYWxsIjt9&bmode=view&interlock=shop_review&idx=120716102&t=board,true,view_idx:120716102,text/html; charset=utf-8,
https://biocom.kr/subscription/?idx=235,https://biocom.kr/subscription?idx=235,/subscription/,idx=235,noisy parameter URL,https://biocom.kr/,게시판 썸네일,200,https://biocom.kr/subscription/?idx=235,true,/subscription:idx:235,text/html; charset=utf-8,
https://biocom.kr/?q=YToxOntzOjEyOiJrZXl3b3JkX3R5cGUiO3M6MzoiYWxsIjt9&bmode=view&interlock=shop_review&idx=120716062&t=board,https://biocom.kr/?bmode=view&idx=120716062&interlock=shop_review&q=YToxOntzOjEyOiJrZXl3b3JkX3R5cGUiO3M6MzoiYWxsIjt9&t=board,/,q=YToxOntzOjEyOiJrZXl3b3JkX3R5cGUiO3M6MzoiYWxsIjt9&bmode=view&interlock=shop_review&idx=120716062&t=board,noisy parameter URL,https://biocom.kr/,공지 혈당 관리위해 매일 잊지않고 먹고 있습니다... N caly**** 3시간전,200,https://biocom.kr/?q=YToxOntzOjEyOiJrZXl3b3JkX3R5cGUiO3M6MzoiYWxsIjt9&bmode=view&interlock=shop_review&idx=120716062&t=board,true,view_idx:120716062,text/html; charset=utf-8,
https://biocom.kr/subscription/?idx=368,https://biocom.kr/subscription?idx=368,/subscription/,idx=368,noisy parameter URL,https://biocom.kr/,게시판 썸네일,200,https://biocom.kr/subscription/?idx=368,true,/subscription:idx:368,text/html; charset=utf-8,
https://biocom.kr/?q=YToxOntzOjEyOiJrZXl3b3JkX3R5cGUiO3M6MzoiYWxsIjt9&bmode=view&interlock=shop_review&idx=120716055&t=board,https://biocom.kr/?bmode=view&idx=120716055&interlock=shop_review&q=YToxOntzOjEyOiJrZXl3b3JkX3R5cGUiO3M6MzoiYWxsIjt9&t=board,/,q=YToxOntzOjEyOiJrZXl3b3JkX3R5cGUiO3M6MzoiYWxsIjt9&bmode=view&interlock=shop_review&idx=120716055&t=board,noisy parameter URL,https://biocom.kr/,공지 저속 노화를 위해 꾸준히 먹고 있습니다. 정기 구독중인데 할인도 많이 되어 좋네요. N caly**** 3시간전,200,https://biocom.kr/?q=YToxOntzOjEyOiJrZXl3b3JkX3R5cGUiO3M6MzoiYWxsIjt9&bmode=view&interlock=shop_review&idx=120716055&t=board,true,view_idx:120716055,text/html; charset=utf-8,
https://biocom.kr/subscription/?idx=307,https://biocom.kr/subscription?idx=307,/subscription/,idx=307,noisy parameter URL,https://biocom.kr/,게시판 썸네일,200,https://biocom.kr/subscription/?idx=307,true,/subscription:idx:307,text/html; charset=utf-8,
https://biocom.kr/?q=YToxOntzOjEyOiJrZXl3b3JkX3R5cGUiO3M6MzoiYWxsIjt9&bmode=view&interlock=shop_review&idx=120670077&t=board,https://biocom.kr/?bmode=view&idx=120670077&interlock=shop_review&q=YToxOntzOjEyOiJrZXl3b3JkX3R5cGUiO3M6MzoiYWxsIjt9&t=board,/,q=YToxOntzOjEyOiJrZXl3b3JkX3R5cGUiO3M6MzoiYWxsIjt9&bmode=view&interlock=shop_review&idx=120670077&t=board,noisy parameter URL,https://biocom.kr/,공지 바이오컴 음식물 과민증 검사를 받아봤어요. 간단한 채혈로 진행되어 부담이 적었고 결과도 비교적 빠르게 확인할... N dw03**** 1일전,200,https://biocom.kr/?q=YToxOntzOjEyOiJrZXl3b3JkX3R5cGUiO3M6MzoiYWxsIjt9&bmode=view&interlock=shop_review&idx=120670077&t=board,true,view_idx:120670077,text/html; charset=utf-8,
https://biocom.kr/shop_view/?idx=497,https://biocom.kr/shop_view?idx=497,/shop_view/,idx=497,product,https://biocom.kr/,게시판 썸네일,200,https://biocom.kr/shop_view/?idx=497,true,/shop_view:idx:497,text/html; charset=utf-8,
https://biocom.kr/?q=YToxOntzOjEyOiJrZXl3b3JkX3R5cGUiO3M6MzoiYWxsIjt9&bmode=view&interlock=shop_review&idx=120669840&t=board,https://biocom.kr/?bmode=view&idx=120669840&interlock=shop_review&q=YToxOntzOjEyOiJrZXl3b3JkX3R5cGUiO3M6MzoiYWxsIjt9&t=board,/,q=YToxOntzOjEyOiJrZXl3b3JkX3R5cGUiO3M6MzoiYWxsIjt9&bmode=view&interlock=shop_review&idx=120669840&t=board,noisy parameter URL,https://biocom.kr/,공지 견과류를 좋아하는데 섭취배제 받은건 조금 슬프지만…그래도 대부분은 먹었을때 소화가 잘 안되어 피하던것들을 조... N jong**** 1일전,200,https://biocom.kr/?q=YToxOntzOjEyOiJrZXl3b3JkX3R5cGUiO3M6MzoiYWxsIjt9&bmode=view&interlock=shop_review&idx=120669840&t=board,true,view_idx:120669840,text/html; charset=utf-8,
https://biocom.kr/?q=YToxOntzOjEyOiJrZXl3b3JkX3R5cGUiO3M6MzoiYWxsIjt9&bmode=view&interlock=shop_review&idx=120668365&t=board,https://biocom.kr/?bmode=view&idx=120668365&interlock=shop_review&q=YToxOntzOjEyOiJrZXl3b3JkX3R5cGUiO3M6MzoiYWxsIjt9&t=board,/,q=YToxOntzOjEyOiJrZXl3b3JkX3R5cGUiO3M6MzoiYWxsIjt9&bmode=view&interlock=shop_review&idx=120668365&t=board,noisy parameter URL,https://biocom.kr/,공지 전에 먹던 영양제 들이 효과가 좋아서 건강관리를 위해 추가구입했어요! N sksg**** 1일전,200,https://biocom.kr/?q=YToxOntzOjEyOiJrZXl3b3JkX3R5cGUiO3M6MzoiYWxsIjt9&bmode=view&interlock=shop_review&idx=120668365&t=board,true,view_idx:120668365,text/html; charset=utf-8,
https://biocom.kr/all/?idx=40,https://biocom.kr/all?idx=40,/all/,idx=40,noisy parameter URL,https://biocom.kr/,게시판 썸네일,200,https://biocom.kr/all/?idx=40,true,/all:idx:40,text/html; charset=utf-8,
https://biocom.kr/?q=YToxOntzOjEyOiJrZXl3b3JkX3R5cGUiO3M6MzoiYWxsIjt9&bmode=view&interlock=shop_review&idx=120649558&t=board,https://biocom.kr/?bmode=view&idx=120649558&interlock=shop_review&q=YToxOntzOjEyOiJrZXl3b3JkX3R5cGUiO3M6MzoiYWxsIjt9&t=board,/,q=YToxOntzOjEyOiJrZXl3b3JkX3R5cGUiO3M6MzoiYWxsIjt9&bmode=view&interlock=shop_review&idx=120649558&t=board,noisy parameter URL,https://biocom.kr/,"공지 평상시에 제가 먹고있는 음식들중 피해야 되는 것들이 있어서 놀랐고, 하길 잘했다 싶더라구요!! 평소 알러... N lee2**** 2일전",200,https://biocom.kr/?q=YToxOntzOjEyOiJrZXl3b3JkX3R5cGUiO3M6MzoiYWxsIjt9&bmode=view&interlock=shop_review&idx=120649558&t=board,true,view_idx:120649558,text/html; charset=utf-8,
https://biocom.kr/?q=YToxOntzOjEyOiJrZXl3b3JkX3R5cGUiO3M6MzoiYWxsIjt9&bmode=view&interlock=shop_review&idx=120514681&t=board,https://biocom.kr/?bmode=view&idx=120514681&interlock=shop_review&q=YToxOntzOjEyOiJrZXl3b3JkX3R5cGUiO3M6MzoiYWxsIjt9&t=board,/,q=YToxOntzOjEyOiJrZXl3b3JkX3R5cGUiO3M6MzoiYWxsIjt9&bmode=view&interlock=shop_review&idx=120514681&t=board,noisy parameter URL,https://biocom.kr/,공지 금음체질이라 고기 안맞는건 알고있었는데 여기도 큰 틀이 비슷한결과로 나왔습니다 양방 한방 비슷한결과... N isab**** 2026-04-23,200,https://biocom.kr/?q=YToxOntzOjEyOiJrZXl3b3JkX3R5cGUiO3M6MzoiYWxsIjt9&bmode=view&interlock=shop_review&idx=120514681&t=board,true,view_idx:120514681,text/html; charset=utf-8,
https://biocom.kr/shop_view/?idx=328,https://biocom.kr/shop_view?idx=328,/shop_view/,idx=328,product,https://biocom.kr/,게시판 썸네일,200,https://biocom.kr/shop_view/?idx=328,true,/shop_view:idx:328,text/html; charset=utf-8,
https://biocom.kr/?q=YToxOntzOjEyOiJrZXl3b3JkX3R5cGUiO3M6MzoiYWxsIjt9&page=1&only_photo=Y,https://biocom.kr/?only_photo=Y&page=1&q=YToxOntzOjEyOiJrZXl3b3JkX3R5cGUiO3M6MzoiYWxsIjt9,/,q=YToxOntzOjEyOiJrZXl3b3JkX3R5cGUiO3M6MzoiYWxsIjt9&page=1&only_photo=Y,noisy parameter URL,https://biocom.kr/,1,200,https://biocom.kr/?q=YToxOntzOjEyOiJrZXl3b3JkX3R5cGUiO3M6MzoiYWxsIjt9&page=1&only_photo=Y,true,:q,text/html; charset=utf-8,
https://biocom.kr/?q=YToxOntzOjEyOiJrZXl3b3JkX3R5cGUiO3M6MzoiYWxsIjt9&page=2&only_photo=Y,https://biocom.kr/?only_photo=Y&page=2&q=YToxOntzOjEyOiJrZXl3b3JkX3R5cGUiO3M6MzoiYWxsIjt9,/,q=YToxOntzOjEyOiJrZXl3b3JkX3R5cGUiO3M6MzoiYWxsIjt9&page=2&only_photo=Y,noisy parameter URL,https://biocom.kr/,2,200,https://biocom.kr/?q=YToxOntzOjEyOiJrZXl3b3JkX3R5cGUiO3M6MzoiYWxsIjt9&page=2&only_photo=Y,true,:q,text/html; charset=utf-8,
https://biocom.kr/?q=YToxOntzOjEyOiJrZXl3b3JkX3R5cGUiO3M6MzoiYWxsIjt9&page=3&only_photo=Y,https://biocom.kr/?only_photo=Y&page=3&q=YToxOntzOjEyOiJrZXl3b3JkX3R5cGUiO3M6MzoiYWxsIjt9,/,q=YToxOntzOjEyOiJrZXl3b3JkX3R5cGUiO3M6MzoiYWxsIjt9&page=3&only_photo=Y,noisy parameter URL,https://biocom.kr/,3,200,https://biocom.kr/?q=YToxOntzOjEyOiJrZXl3b3JkX3R5cGUiO3M6MzoiYWxsIjt9&page=3&only_photo=Y,true,:q,text/html; charset=utf-8,
https://biocom.kr/?q=YToxOntzOjEyOiJrZXl3b3JkX3R5cGUiO3M6MzoiYWxsIjt9&page=4&only_photo=Y,https://biocom.kr/?only_photo=Y&page=4&q=YToxOntzOjEyOiJrZXl3b3JkX3R5cGUiO3M6MzoiYWxsIjt9,/,q=YToxOntzOjEyOiJrZXl3b3JkX3R5cGUiO3M6MzoiYWxsIjt9&page=4&only_photo=Y,noisy parameter URL,https://biocom.kr/,4,200,https://biocom.kr/?q=YToxOntzOjEyOiJrZXl3b3JkX3R5cGUiO3M6MzoiYWxsIjt9&page=4&only_photo=Y,true,:q,text/html; charset=utf-8,
https://biocom.kr/?q=YToxOntzOjEyOiJrZXl3b3JkX3R5cGUiO3M6MzoiYWxsIjt9&page=5&only_photo=Y,https://biocom.kr/?only_photo=Y&page=5&q=YToxOntzOjEyOiJrZXl3b3JkX3R5cGUiO3M6MzoiYWxsIjt9,/,q=YToxOntzOjEyOiJrZXl3b3JkX3R5cGUiO3M6MzoiYWxsIjt9&page=5&only_photo=Y,noisy parameter URL,https://biocom.kr/,5,200,https://biocom.kr/?q=YToxOntzOjEyOiJrZXl3b3JkX3R5cGUiO3M6MzoiYWxsIjt9&page=5&only_photo=Y,true,:q,text/html; charset=utf-8,
https://biocom.kr/?q=YToxOntzOjEyOiJrZXl3b3JkX3R5cGUiO3M6MzoiYWxsIjt9&page=6&only_photo=Y,https://biocom.kr/?only_photo=Y&page=6&q=YToxOntzOjEyOiJrZXl3b3JkX3R5cGUiO3M6MzoiYWxsIjt9,/,q=YToxOntzOjEyOiJrZXl3b3JkX3R5cGUiO3M6MzoiYWxsIjt9&page=6&only_photo=Y,noisy parameter URL,https://biocom.kr/,6,200,https://biocom.kr/?q=YToxOntzOjEyOiJrZXl3b3JkX3R5cGUiO3M6MzoiYWxsIjt9&page=6&only_photo=Y,true,:q,text/html; charset=utf-8,
https://biocom.kr/?q=YToxOntzOjEyOiJrZXl3b3JkX3R5cGUiO3M6MzoiYWxsIjt9&page=7&only_photo=Y,https://biocom.kr/?only_photo=Y&page=7&q=YToxOntzOjEyOiJrZXl3b3JkX3R5cGUiO3M6MzoiYWxsIjt9,/,q=YToxOntzOjEyOiJrZXl3b3JkX3R5cGUiO3M6MzoiYWxsIjt9&page=7&only_photo=Y,noisy parameter URL,https://biocom.kr/,7,200,https://biocom.kr/?q=YToxOntzOjEyOiJrZXl3b3JkX3R5cGUiO3M6MzoiYWxsIjt9&page=7&only_photo=Y,true,:q,text/html; charset=utf-8,
https://biocom.kr/?q=YToxOntzOjEyOiJrZXl3b3JkX3R5cGUiO3M6MzoiYWxsIjt9&page=8&only_photo=Y,https://biocom.kr/?only_photo=Y&page=8&q=YToxOntzOjEyOiJrZXl3b3JkX3R5cGUiO3M6MzoiYWxsIjt9,/,q=YToxOntzOjEyOiJrZXl3b3JkX3R5cGUiO3M6MzoiYWxsIjt9&page=8&only_photo=Y,noisy parameter URL,https://biocom.kr/,8,200,https://biocom.kr/?q=YToxOntzOjEyOiJrZXl3b3JkX3R5cGUiO3M6MzoiYWxsIjt9&page=8&only_photo=Y,true,:q,text/html; charset=utf-8,
https://biocom.kr/?q=YToxOntzOjEyOiJrZXl3b3JkX3R5cGUiO3M6MzoiYWxsIjt9&page=9&only_photo=Y,https://biocom.kr/?only_photo=Y&page=9&q=YToxOntzOjEyOiJrZXl3b3JkX3R5cGUiO3M6MzoiYWxsIjt9,/,q=YToxOntzOjEyOiJrZXl3b3JkX3R5cGUiO3M6MzoiYWxsIjt9&page=9&only_photo=Y,noisy parameter URL,https://biocom.kr/,9,200,https://biocom.kr/?q=YToxOntzOjEyOiJrZXl3b3JkX3R5cGUiO3M6MzoiYWxsIjt9&page=9&only_photo=Y,true,:q,text/html; charset=utf-8,
https://biocom.kr/?q=YToxOntzOjEyOiJrZXl3b3JkX3R5cGUiO3M6MzoiYWxsIjt9&page=10&only_photo=Y,https://biocom.kr/?only_photo=Y&page=10&q=YToxOntzOjEyOiJrZXl3b3JkX3R5cGUiO3M6MzoiYWxsIjt9,/,q=YToxOntzOjEyOiJrZXl3b3JkX3R5cGUiO3M6MzoiYWxsIjt9&page=10&only_photo=Y,noisy parameter URL,https://biocom.kr/,Next,200,https://biocom.kr/?q=YToxOntzOjEyOiJrZXl3b3JkX3R5cGUiO3M6MzoiYWxsIjt9&page=10&only_photo=Y,true,:q,text/html; charset=utf-8,
https://biocom.kr/?mode=policy,https://biocom.kr/?mode=policy,/,mode=policy,noisy parameter URL,https://biocom.kr/,이용약관,200,https://biocom.kr/?mode=policy,true,https://biocom.kr/,text/html; charset=utf-8,
https://biocom.kr/?mode=privacy,https://biocom.kr/?mode=privacy,/,mode=privacy,noisy parameter URL,https://biocom.kr/,개인정보처리방침,200,https://biocom.kr/?mode=privacy,true,https://biocom.kr/,text/html; charset=utf-8,
https://biocom.kr/login?back_url=L3NlcnZpY2U%3D&used_login_btn=Y,https://biocom.kr/login?back_url=L3NlcnZpY2U%3D&used_login_btn=Y,/login,back_url=L3NlcnZpY2U%3D&used_login_btn=Y,cart/login/member,https://biocom.kr/service,로그인이 필요합니다. 로그인,200,https://biocom.kr/login?back_url=L3NlcnZpY2U%3D&used_login_btn=Y,true,https://biocom.kr/login,text/html; charset=utf-8,
https://biocom.kr/site_join_pattern_choice?back_url=L3NlcnZpY2U%3D,https://biocom.kr/site_join_pattern_choice?back_url=L3NlcnZpY2U%3D,/site_join_pattern_choice,back_url=L3NlcnZpY2U%3D,cart/login/member,https://biocom.kr/service,1초 회원가입,200,https://biocom.kr/site_join_type_choice?back_url=L3NlcnZpY2U%3D,true,https://biocom.kr/site_join_pattern_choice,text/html; charset=utf-8,
https://biocom.kr/shop_view/?idx=259,https://biocom.kr/shop_view?idx=259,/shop_view/,idx=259,product,https://biocom.kr/service,"종합 대사기능 분석 298,000원 450,000원 TIME SALE",200,https://biocom.kr/shop_view/?idx=259,true,/shop_view:idx:259,text/html; charset=utf-8,
